{
    "$schema": "http://schema.management.azure.com/schemas/2015-01-01/deploymentTemplate.json#",
    "contentVersion": "1.0.0.0",
    "parameters": {
        "factoryName": {
            "type": "string",
            "metadata": "Data Factory name",
            "defaultValue": "Team19DataFactory"
        },
        "AzureBlobStorage1_connectionString": {
            "type": "secureString",
            "metadata": "Secure string for 'connectionString' of 'AzureBlobStorage1'"
        },
        "AzureSqlDatabase1_connectionString": {
            "type": "secureString",
            "metadata": "Secure string for 'connectionString' of 'AzureSqlDatabase1'"
        },
        "CosmosDbNoSql1_connectionString": {
            "type": "secureString",
            "metadata": "Secure string for 'connectionString' of 'CosmosDbNoSql1'"
        },
        "PoliciesLinkedService_accountKey": {
            "type": "secureString",
            "metadata": "Secure string for 'accountKey' of 'PoliciesLinkedService'"
        },
        "SQLDatalake_accountKey": {
            "type": "secureString",
            "metadata": "Secure string for 'accountKey' of 'SQLDatalake'"
        },
        "SqlServer1_connectionString": {
            "type": "secureString",
            "metadata": "Secure string for 'connectionString' of 'SqlServer1'"
        },
        "SqlServeryessssVm_connectionString": {
            "type": "secureString",
            "metadata": "Secure string for 'connectionString' of 'SqlServeryessssVm'"
        },
        "VMServer_connectionString": {
            "type": "secureString",
            "metadata": "Secure string for 'connectionString' of 'VMServer'"
        },
        "geographylinkedservice_accountKey": {
            "type": "secureString",
            "metadata": "Secure string for 'accountKey' of 'geographylinkedservice'"
        },
        "AzureDataLakeStore1_properties_typeProperties_dataLakeStoreUri": {
            "type": "string",
            "defaultValue": "https://undefined.azuredatalakestore.net/webhdfs/v1"
        },
        "AzureDataLakeStore1_properties_typeProperties_tenant": {
            "type": "string",
            "defaultValue": "d57d32cc-c121-488f-b07b-dfe705680c71"
        },
        "PoliciesLinkedService_properties_typeProperties_url": {
            "type": "string",
            "defaultValue": "https://group19storage.dfs.core.windows.net/"
        },
        "SQLDatalake_properties_typeProperties_url": {
            "type": "string",
            "defaultValue": "https://group19storage.dfs.core.windows.net/"
        },
        "geographylinkedservice_properties_typeProperties_url": {
            "type": "string",
            "defaultValue": "https://group19storage.dfs.core.windows.net/"
        },
        "containerUri": {
            "type": "string",
            "metadata": "URI to storage account containing linked ARM templates"
        },
        "containerSasToken": {
            "type": "string",
            "metadata": "Sas token to storage account containing linked ARM templates"
        }
    },
    "variables": {
        "factoryId": "[concat('Microsoft.DataFactory/factories/', parameters('factoryName'))]"
    },
    "resources": [
        {
            "name": "Team19DataFactory_ArmTemplate_0",
            "type": "Microsoft.Resources/deployments",
            "apiVersion": "2018-02-01",
            "properties": {
                "mode": "incremental",
                "templateLink": {
                    "uri": "[concat(parameters('containerUri'), '/ArmTemplate_0.json', parameters('containerSasToken'))]",
                    "contentVersion": "1.0.0.0"
                },
                "parameters": {
                    "factoryName": {
                        "value": "[parameters('factoryName')]"
                    },
                    "AzureBlobStorage1_connectionString": {
                        "value": "[parameters('AzureBlobStorage1_connectionString')]"
                    },
                    "AzureSqlDatabase1_connectionString": {
                        "value": "[parameters('AzureSqlDatabase1_connectionString')]"
                    },
                    "CosmosDbNoSql1_connectionString": {
                        "value": "[parameters('CosmosDbNoSql1_connectionString')]"
                    },
                    "PoliciesLinkedService_accountKey": {
                        "value": "[parameters('PoliciesLinkedService_accountKey')]"
                    },
                    "SQLDatalake_accountKey": {
                        "value": "[parameters('SQLDatalake_accountKey')]"
                    },
                    "SqlServer1_connectionString": {
                        "value": "[parameters('SqlServer1_connectionString')]"
                    },
                    "VMServer_connectionString": {
                        "value": "[parameters('VMServer_connectionString')]"
                    },
                    "geographylinkedservice_accountKey": {
                        "value": "[parameters('geographylinkedservice_accountKey')]"
                    },
                    "AzureDataLakeStore1_properties_typeProperties_dataLakeStoreUri": {
                        "value": "[parameters('AzureDataLakeStore1_properties_typeProperties_dataLakeStoreUri')]"
                    },
                    "AzureDataLakeStore1_properties_typeProperties_tenant": {
                        "value": "[parameters('AzureDataLakeStore1_properties_typeProperties_tenant')]"
                    },
                    "PoliciesLinkedService_properties_typeProperties_url": {
                        "value": "[parameters('PoliciesLinkedService_properties_typeProperties_url')]"
                    },
                    "SQLDatalake_properties_typeProperties_url": {
                        "value": "[parameters('SQLDatalake_properties_typeProperties_url')]"
                    },
                    "geographylinkedservice_properties_typeProperties_url": {
                        "value": "[parameters('geographylinkedservice_properties_typeProperties_url')]"
                    }
                }
            },
            "dependsOn": []
        },
        {
            "name": "Team19DataFactory_ArmTemplate_1",
            "type": "Microsoft.Resources/deployments",
            "apiVersion": "2018-02-01",
            "properties": {
                "mode": "incremental",
                "templateLink": {
                    "uri": "[concat(parameters('containerUri'), '/ArmTemplate_1.json', parameters('containerSasToken'))]",
                    "contentVersion": "1.0.0.0"
                },
                "parameters": {
                    "factoryName": {
                        "value": "[parameters('factoryName')]"
                    }
                }
            },
            "dependsOn": [
                "[resourceId('Microsoft.Resources/deployments', 'Team19DataFactory_ArmTemplate_0')]"
            ]
        },
        {
            "name": "Team19DataFactory_ArmTemplate_2",
            "type": "Microsoft.Resources/deployments",
            "apiVersion": "2018-02-01",
            "properties": {
                "mode": "incremental",
                "templateLink": {
                    "uri": "[concat(parameters('containerUri'), '/ArmTemplate_2.json', parameters('containerSasToken'))]",
                    "contentVersion": "1.0.0.0"
                },
                "parameters": {
                    "factoryName": {
                        "value": "[parameters('factoryName')]"
                    },
                    "SqlServeryessssVm_connectionString": {
                        "value": "[parameters('SqlServeryessssVm_connectionString')]"
                    }
                }
            },
            "dependsOn": [
                "[resourceId('Microsoft.Resources/deployments', 'Team19DataFactory_ArmTemplate_1')]"
            ]
        }
    ]
}