{
    "$schema": "https://schema.management.azure.com/schemas/2015-01-01/deploymentParameters.json#",
    "contentVersion": "1.0.0.0",
    "parameters": {
        "factoryName": {
            "value": "Team19DataFactory"
        },
        "AzureBlobStorage1_connectionString": {
            "value": ""
        },
        "AzureSqlDatabase1_connectionString": {
            "value": ""
        },
        "CosmosDbNoSql1_connectionString": {
            "value": ""
        },
        "PoliciesLinkedService_accountKey": {
            "value": ""
        },
        "SQLDatalake_accountKey": {
            "value": ""
        },
        "SqlServer1_connectionString": {
            "value": ""
        },
        "SqlServeryessssVm_connectionString": {
            "value": ""
        },
        "VMServer_connectionString": {
            "value": ""
        },
        "geographylinkedservice_accountKey": {
            "value": ""
        },
        "AzureDataLakeStore1_properties_typeProperties_dataLakeStoreUri": {
            "value": "https://undefined.azuredatalakestore.net/webhdfs/v1"
        },
        "AzureDataLakeStore1_properties_typeProperties_tenant": {
            "value": "d57d32cc-c121-488f-b07b-dfe705680c71"
        },
        "PoliciesLinkedService_properties_typeProperties_url": {
            "value": "https://group19storage.dfs.core.windows.net/"
        },
        "SQLDatalake_properties_typeProperties_url": {
            "value": "https://group19storage.dfs.core.windows.net/"
        },
        "geographylinkedservice_properties_typeProperties_url": {
            "value": "https://group19storage.dfs.core.windows.net/"
        }
    }
}